{"name":"t:sections.header.name","type":"header","sections":{"announcement-bar":{"type":"announcement-bar","blocks":{"announcement-bar-0":{"type":"announcement","settings":{"text":"","link":""}}},"block_order":["announcement-bar-0"],"settings":{"color_scheme":"scheme-4","show_line_separator":true,"show_social":true,"auto_rotate":false,"change_slides_speed":5,"enable_country_selector":false,"enable_language_selector":false}},"header":{"type":"header","settings":{"logo_position":"middle-center","menu":"","menu_type_desktop":"dropdown","sticky_header_type":"reduce-logo-size","show_line_separator":true,"color_scheme":"scheme-4","menu_color_scheme":"scheme-4","enable_country_selector":true,"enable_language_selector":true,"mobile_logo_position":"center","margin_bottom":84,"padding_top":20,"padding_bottom":20}}},"order":["announcement-bar","header"]}