{"layout":"password","sections":{"main":{"type":"email-signup-banner","blocks":{"heading_wxNmhX":{"type":"heading","settings":{"heading":"Subscribe to stay tuned in with drops!","heading_size":"h2"}},"email_form_Tqz7d6":{"type":"email_form","settings":{}}},"block_order":["heading_wxNmhX","email_form_Tqz7d6"],"settings":{"image":"shopify:\/\/shop_images\/3dgifmaker93885.gif","image_overlay_opacity":0,"show_background_image":true,"image_height":"medium","desktop_content_position":"middle-center","show_text_box":true,"desktop_content_alignment":"center","color_scheme":"scheme-4","mobile_content_alignment":"center","show_text_below":true}}},"order":["main"]}